concat;Age;NSC;moy MoCA;ET MoCA;C50 MoCA;C5 MoCA;moy 3RL;ET 3RL;C50 RL;C5 3RL;moy 3RT;ET 3RT;C50 3RT;C5 3RT;Fluences (P);ET (P);C50 Fluences (P);C5 Fluences (P);Fluences ANIMX;ET (ANIMX);C50 Animx;C5 ANIMX;TMT A (tps moy);TMTA (Tps ET);TMT A C50;TMT A C5;TMTA m(err);TMTA ET(err);TMT B (tps moy);TMTB(Tps ET); TMT B C50;TMTB C5;TMTB m(err);TMTB ET(err);TMTB m(errP) ;TMTB ET(errP) ;STROOP m(déno);STROOP ET(Déno);Déno C50;Déno C5;Stroop m(Lect);ET (lecture);lecture C50;Lecture C5;m (interférence);ET (interférence);C50 interférence;C5 interférence;m int-déno;ET int-déno;int-Déno C50;int-Déno C5;code C50;code C5;SLC C50;SLC C5;Pasat C50;Pasat C5
401;40;1;25.9;2.7;26;21.4;31;6;32;21.1;44.5;4.9;46;38.6;12.5;4.2;12;5.6;18.9;4.5;19;11.7;41;22;34;98;0.02;0.16;99;42;93;186;0.34;0.76;0.2;0.56;62;12;59;92;45;9;44;62;117;27;118;193;55;21;55;104;67;43;11;5;;
411;41;1;25.9;2.7;26;21.4;31;6;32;21.1;44.5;4.9;46;38.6;12.5;4.2;12;5.6;18.9;4.5;19;11.7;41;22;34;98;0.02;0.16;99;42;93;186;0.34;0.76;0.2;0.56;62;12;59;92;45;9;44;62;117;27;118;193;55;21;55;104;67;43;11;5;;
421;42;1;25.9;2.7;26;21.4;31;6;32;21.1;44.5;4.9;46;38.6;12.5;4.2;12;5.6;18.9;4.5;19;11.7;41;22;34;98;0.02;0.16;99;42;93;186;0.34;0.76;0.2;0.56;62;12;59;92;45;9;44;62;117;27;118;193;55;21;55;104;67;43;11;5;;
431;43;1;25.9;2.7;26;21.4;31;6;32;21.1;44.5;4.9;46;38.6;12.5;4.2;12;5.6;18.9;4.5;19;11.7;41;22;34;98;0.02;0.16;99;42;93;186;0.34;0.76;0.2;0.56;62;12;59;92;45;9;44;62;117;27;118;193;55;21;55;104;67;43;11;5;;
441;44;1;25.9;2.7;26;21.4;31;6;32;21.1;44.5;4.9;46;38.6;12.5;4.2;12;5.6;18.9;4.5;19;11.7;41;22;34;98;0.02;0.16;99;42;93;186;0.34;0.76;0.2;0.56;62;12;59;92;45;9;44;62;117;27;118;193;55;21;55;104;67;43;11;5;;
451;45;1;25.9;2.7;26;21.4;31;6;32;21.1;44.5;4.9;46;38.6;12.5;4.2;12;5.6;18.9;4.5;19;11.7;41;22;34;98;0.02;0.16;99;42;93;186;0.34;0.76;0.2;0.56;62;12;59;92;45;9;44;62;117;27;118;193;55;21;55;104;67;43;11;5;;
461;46;1;25.9;2.7;26;21.4;31;6;32;21.1;44.5;4.9;46;38.6;12.5;4.2;12;5.6;18.9;4.5;19;11.7;41;22;34;98;0.02;0.16;99;42;93;186;0.34;0.76;0.2;0.56;62;12;59;92;45;9;44;62;117;27;118;193;55;21;55;104;67;43;11;5;;
471;47;1;25.9;2.7;26;21.4;31;6;32;21.1;44.5;4.9;46;38.6;12.5;4.2;12;5.6;18.9;4.5;19;11.7;41;22;34;98;0.02;0.16;99;42;93;186;0.34;0.76;0.2;0.56;62;12;59;92;45;9;44;62;117;27;118;193;55;21;55;104;67;43;11;5;;
481;48;1;25.9;2.7;26;21.4;31;6;32;21.1;44.5;4.9;46;38.6;12.5;4.2;12;5.6;18.9;4.5;19;11.7;41;22;34;98;0.02;0.16;99;42;93;186;0.34;0.76;0.2;0.56;62;12;59;92;45;9;44;62;117;27;118;193;55;21;55;104;67;43;11;5;;
491;49;1;25.9;2.7;26;21.4;31;6;32;21.1;44.5;4.9;46;38.6;12.5;4.2;12;5.6;18.9;4.5;19;11.7;41;22;34;98;0.02;0.16;99;42;93;186;0.34;0.76;0.2;0.56;62;12;59;92;45;9;44;62;117;27;118;193;55;21;55;104;67;43;11;5;;
501;50;1;25.9;2.7;26;21.4;31;6;32;21.1;44.5;4.9;46;38.6;12.5;4.2;12;5.6;18.9;4.5;19;11.7;41;22;34;98;0.02;0.16;99;42;93;186;0.34;0.76;0.2;0.56;62;12;59;92;45;9;44;62;117;27;118;193;55;21;55;104;67;43;11;5;;
511;51;1;25.9;2.7;26;21.4;31;6;32;21.1;44.5;4.9;46;38.6;12.5;4.2;12;5.6;18.9;4.5;19;11.7;41;22;34;98;0.02;0.16;99;42;93;186;0.34;0.76;0.2;0.56;62;12;59;92;45;9;44;62;117;27;118;193;55;21;55;104;67;43;11;5;;
521;52;1;25.9;2.7;26;21.4;31;6;32;21.1;44.5;4.9;46;38.6;12.5;4.2;12;5.6;18.9;4.5;19;11.7;41;22;34;98;0.02;0.16;99;42;93;186;0.34;0.76;0.2;0.56;62;12;59;92;45;9;44;62;117;27;118;193;55;21;55;104;67;43;11;5;;
531;53;1;25.9;2.7;26;21.4;31;6;32;21.1;44.5;4.9;46;38.6;12.5;4.2;12;5.6;18.9;4.5;19;11.7;41;22;34;98;0.02;0.16;99;42;93;186;0.34;0.76;0.2;0.56;62;12;59;92;45;9;44;62;117;27;118;193;55;21;55;104;67;43;11;5;;
541;54;1;25.9;2.7;26;21.4;31;6;32;21.1;44.5;4.9;46;38.6;12.5;4.2;12;5.6;18.9;4.5;19;11.7;41;22;34;98;0.02;0.16;99;42;93;186;0.34;0.76;0.2;0.56;62;12;59;92;45;9;44;62;117;27;118;193;55;21;55;104;67;43;11;5;;
551;55;1;25.9;2.7;26;21.4;31;6;32;21.1;44.5;4.9;46;38.6;12.5;4.2;12;5.6;18.9;4.5;19;11.7;41;22;34;98;0.02;0.16;99;42;93;186;0.34;0.76;0.2;0.56;62;12;59;92;45;9;44;62;117;27;118;193;55;21;55;104;56;36;10;5;;
561;56;1;25.9;2.7;26;21.4;31;6;32;21.1;44.5;4.9;46;38.6;12.5;4.2;12;5.6;18.9;4.5;19;11.7;41;22;34;98;0.02;0.16;99;42;93;186;0.34;0.76;0.2;0.56;62;12;59;92;45;9;44;62;117;27;118;193;55;21;55;104;56;36;10;5;;
571;57;1;25.9;2.7;26;21.4;31;6;32;21.1;44.5;4.9;46;38.6;12.5;4.2;12;5.6;18.9;4.5;19;11.7;41;22;34;98;0.02;0.16;99;42;93;186;0.34;0.76;0.2;0.56;62;12;59;92;45;9;44;62;117;27;118;193;55;21;55;104;56;36;10;5;;
581;58;1;25.9;2.7;26;21.4;31;6;32;21.1;44.5;4.9;46;38.6;12.5;4.2;12;5.6;18.9;4.5;19;11.7;41;22;34;98;0.02;0.16;99;42;93;186;0.34;0.76;0.2;0.56;62;12;59;92;45;9;44;62;117;27;118;193;55;21;55;104;56;36;10;5;;
591;59;1;25.9;2.7;26;21.4;31;6;32;21.1;44.5;4.9;46;38.6;12.5;4.2;12;5.6;18.9;4.5;19;11.7;41;22;34;98;0.02;0.16;99;42;93;186;0.34;0.76;0.2;0.56;62;12;59;92;45;9;44;62;117;27;118;193;55;21;55;104;56;36;10;5;;
601;60;1;25.9;2.7;26;21.4;31;6;32;21.1;44.5;4.9;46;38.6;12.5;4.2;12;5.6;18.9;4.5;19;11.7;56;20;55;100;0.06;0.29;153;62;143;282;0.72;1.6;0.3;0.89;74;19;67;118;48;7;48;58;178;64;171;345;105;54;83;245;56;36;10;5;;
611;61;1;25.3;2.9;26;20.8;29.5;6.2;29.5;18;45.5;2.7;46;38;11.6;3.6;12;5.1;17.8;4.6;17;10.6;56;20;55;100;0.06;0.29;153;62;143;282;0.72;1.6;0.3;0.89;74;19;67;118;48;7;48;58;178;64;171;345;105;54;83;245;56;36;10;5;;
621;62;1;25.3;2.9;26;20.8;29.5;6.2;29.5;18;45.5;2.7;46;38;11.6;3.6;12;5.1;17.8;4.6;17;10.6;56;20;55;100;0.06;0.29;153;62;143;282;0.72;1.6;0.3;0.89;74;19;67;118;48;7;48;58;178;64;171;345;105;54;83;245;56;36;10;5;;
631;63;1;25.3;2.9;26;20.8;29.5;6.2;29.5;18;45.5;2.7;46;38;11.6;3.6;12;5.1;17.8;4.6;17;10.6;56;20;55;100;0.06;0.29;153;62;143;282;0.72;1.6;0.3;0.89;74;19;67;118;48;7;48;58;178;64;171;345;105;54;83;245;56;36;10;5;;
641;64;1;25.3;2.9;26;20.8;29.5;6.2;29.5;18;45.5;2.7;46;38;11.6;3.6;12;5.1;17.8;4.6;17;10.6;56;20;55;100;0.06;0.29;153;62;143;282;0.72;1.6;0.3;0.89;74;19;67;118;48;7;48;58;178;64;171;345;105;54;83;245;56;36;10;5;;
651;65;1;25.3;2.9;26;20.8;29.5;6.2;29.5;18;45.5;2.7;46;38;11.6;3.6;12;5.1;17.8;4.6;17;10.6;56;20;55;100;0.06;0.29;153;62;143;282;0.72;1.6;0.3;0.89;74;19;67;118;48;7;48;58;178;64;171;345;105;54;83;245;50;32;10;5;;
661;66;1;25.3;2.9;26;20.8;29.5;6.2;29.5;18;45.5;2.7;46;38;11.6;3.6;12;5.1;17.8;4.6;17;10.6;56;20;55;100;0.06;0.29;153;62;143;282;0.72;1.6;0.3;0.89;74;19;67;118;48;7;48;58;178;64;171;345;105;54;83;245;50;32;10;5;;
671;67;1;25.3;2.9;26;20.8;29.5;6.2;29.5;18;45.5;2.7;46;38;11.6;3.6;12;5.1;17.8;4.6;17;10.6;56;20;55;100;0.06;0.29;153;62;143;282;0.72;1.6;0.3;0.89;74;19;67;118;48;7;48;58;178;64;171;345;105;54;83;245;50;32;10;5;;
681;68;1;25.3;2.9;26;20.8;29.5;6.2;29.5;18;45.5;2.7;46;38;11.6;3.6;12;5.1;17.8;4.6;17;10.6;56;20;55;100;0.06;0.29;153;62;143;282;0.72;1.6;0.3;0.89;74;19;67;118;48;7;48;58;178;64;171;345;105;54;83;245;50;32;10;5;;
691;69;1;25.3;2.9;26;20.8;29.5;6.2;29.5;18;45.5;2.7;46;38;11.6;3.6;12;5.1;17.8;4.6;17;10.6;56;20;55;100;0.06;0.29;153;62;143;282;0.72;1.6;0.3;0.89;74;19;67;118;48;7;48;58;178;64;171;345;105;54;83;245;50;32;10;5;;
701;70;1;25.3;2.9;26;20.8;29.5;6.2;29.5;18;45.5;2.7;46;38;11.6;3.6;12;5.1;17.8;4.6;17;10.6;56;20;55;100;0.06;0.29;153;62;143;282;0.72;1.6;0.3;0.89;74;19;67;118;48;7;48;58;178;64;171;345;105;54;83;245;44;25;8;3;;
711;71;1;24.3;3;25;20.4;25.3;6.2;25;15.9;44.3;3.5;45;37.6;11.1;3.7;11;4.7;17.3;4.4;16.5;9.8;56;20;55;100;0.06;0.29;153;62;143;282;0.72;1.6;0.3;0.89;74;19;67;118;48;7;48;58;178;64;171;345;105;54;83;245;44;25;8;3;;
721;72;1;24.3;3;25;20.4;25.3;6.2;25;15.9;44.3;3.5;45;37.6;11.1;3.7;11;4.7;17.3;4.4;16.5;9.8;56;20;55;100;0.06;0.29;153;62;143;282;0.72;1.6;0.3;0.89;74;19;67;118;48;7;48;58;178;64;171;345;105;54;83;245;44;25;8;3;;
731;73;1;24.3;3;25;20.4;25.3;6.2;25;15.9;44.3;3.5;45;37.6;11.1;3.7;11;4.7;17.3;4.4;16.5;9.8;56;20;55;100;0.06;0.29;153;62;143;282;0.72;1.6;0.3;0.89;74;19;67;118;48;7;48;58;178;64;171;345;105;54;83;245;44;25;8;3;;
741;74;1;24.3;3;25;20.4;25.3;6.2;25;15.9;44.3;3.5;45;37.6;11.1;3.7;11;4.7;17.3;4.4;16.5;9.8;56;20;55;100;0.06;0.29;153;62;143;282;0.72;1.6;0.3;0.89;74;19;67;118;48;7;48;58;178;64;171;345;105;54;83;245;44;25;8;3;;
751;75;1;24.3;3;25;20.4;25.3;6.2;25;15.9;44.3;3.5;45;37.6;11.1;3.7;11;4.7;17.3;4.4;16.5;9.8;56;20;55;100;0.06;0.29;153;62;143;282;0.72;1.6;0.3;0.89;74;19;67;118;48;7;48;58;178;64;171;345;105;54;83;245;38;22;7;3;;
761;76;1;24.3;3;25;20.4;25.3;6.2;25;15.9;44.3;3.5;45;37.6;11.1;3.7;11;4.7;17.3;4.4;16.5;9.8;56;20;55;100;0.06;0.29;153;62;143;282;0.72;1.6;0.3;0.89;74;19;67;118;48;7;48;58;178;64;171;345;105;54;83;245;38;22;7;3;;
771;77;1;24.3;3;25;20.4;25.3;6.2;25;15.9;44.3;3.5;45;37.6;11.1;3.7;11;4.7;17.3;4.4;16.5;9.8;56;20;55;100;0.06;0.29;153;62;143;282;0.72;1.6;0.3;0.89;74;19;67;118;48;7;48;58;178;64;171;345;105;54;83;245;38;22;7;3;;
781;78;1;24.3;3;25;20.4;25.3;6.2;25;15.9;44.3;3.5;45;37.6;11.1;3.7;11;4.7;17.3;4.4;16.5;9.8;56;20;55;100;0.06;0.29;153;62;143;282;0.72;1.6;0.3;0.89;74;19;67;118;48;7;48;58;178;64;171;345;105;54;83;245;38;22;7;3;;
791;79;1;24.3;3;25;20.4;25.3;6.2;25;15.9;44.3;3.5;45;37.6;11.1;3.7;11;4.7;17.3;4.4;16.5;9.8;56;20;55;100;0.06;0.29;153;62;143;282;0.72;1.6;0.3;0.89;74;19;67;118;48;7;48;58;178;64;171;345;105;54;83;245;38;22;7;3;;
801;80;1;24.3;3;25;20.4;25.3;6.2;25;15.9;44.3;3.5;45;37.6;11.1;3.7;11;4.7;17.3;4.4;16.5;9.8;56;20;55;100;0.06;0.29;153;62;143;282;0.72;1.6;0.3;0.89;74;19;67;118;48;7;48;58;178;64;171;345;105;54;83;245;38;22;7;3;;
811;81;1;24.3;3;25;20.4;25.3;6.2;25;15.9;44.3;3.5;45;37.6;11.1;3.7;11;4.7;17.3;4.4;16.5;9.8;56;20;55;100;0.06;0.29;153;62;143;282;0.72;1.6;0.3;0.89;74;19;67;118;48;7;48;58;178;64;171;345;105;54;83;245;38;22;7;3;;
821;82;1;24.3;3;25;20.4;25.3;6.2;25;15.9;44.3;3.5;45;37.6;11.1;3.7;11;4.7;17.3;4.4;16.5;9.8;56;20;55;100;0.06;0.29;153;62;143;282;0.72;1.6;0.3;0.89;74;19;67;118;48;7;48;58;178;64;171;345;105;54;83;245;38;22;7;3;;
831;83;1;24.3;3;25;20.4;25.3;6.2;25;15.9;44.3;3.5;45;37.6;11.1;3.7;11;4.7;17.3;4.4;16.5;9.8;56;20;55;100;0.06;0.29;153;62;143;282;0.72;1.6;0.3;0.89;74;19;67;118;48;7;48;58;178;64;171;345;105;54;83;245;38;22;7;3;;
841;84;1;24.3;3;25;20.4;25.3;6.2;25;15.9;44.3;3.5;45;37.6;11.1;3.7;11;4.7;17.3;4.4;16.5;9.8;56;20;55;100;0.06;0.29;153;62;143;282;0.72;1.6;0.3;0.89;74;19;67;118;48;7;48;58;178;64;171;345;105;54;83;245;38;22;7;3;;
851;85;1;24.3;3;25;20.4;25.3;6.2;25;15.9;44.3;3.5;45;37.6;11.1;3.7;11;4.7;17.3;4.4;16.5;9.8;56;20;55;100;0.06;0.29;153;62;143;282;0.72;1.6;0.3;0.89;74;19;67;118;48;7;48;58;178;64;171;345;105;54;83;245;38;22;7;3;;
861;86;1;24.3;3;25;20.4;25.3;6.2;25;15.9;44.3;3.5;45;37.6;11.1;3.7;11;4.7;17.3;4.4;16.5;9.8;56;20;55;100;0.06;0.29;153;62;143;282;0.72;1.6;0.3;0.89;74;19;67;118;48;7;48;58;178;64;171;345;105;54;83;245;38;22;7;3;;
871;87;1;24.3;3;25;20.4;25.3;6.2;25;15.9;44.3;3.5;45;37.6;11.1;3.7;11;4.7;17.3;4.4;16.5;9.8;56;20;55;100;0.06;0.29;153;62;143;282;0.72;1.6;0.3;0.89;74;19;67;118;48;7;48;58;178;64;171;345;105;54;83;245;38;22;7;3;;
881;88;1;24.3;3;25;20.4;25.3;6.2;25;15.9;44.3;3.5;45;37.6;11.1;3.7;11;4.7;17.3;4.4;16.5;9.8;56;20;55;100;0.06;0.29;153;62;143;282;0.72;1.6;0.3;0.89;74;19;67;118;48;7;48;58;178;64;171;345;105;54;83;245;38;22;7;3;;
891;89;1;24.3;3;25;20.4;25.3;6.2;25;15.9;44.3;3.5;45;37.6;11.1;3.7;11;4.7;17.3;4.4;16.5;9.8;56;20;55;100;0.06;0.29;153;62;143;282;0.72;1.6;0.3;0.89;74;19;67;118;48;7;48;58;178;64;171;345;105;54;83;245;38;22;7;3;;
901;90;1;24.3;3;25;20.4;25.3;6.2;25;15.9;44.3;3.5;45;37.6;11.1;3.7;11;4.7;17.3;4.4;16.5;9.8;56;20;55;100;0.06;0.29;153;62;143;282;0.72;1.6;0.3;0.89;74;19;67;118;48;7;48;58;178;64;171;345;105;54;83;245;38;22;7;3;;
911;91;1;24.3;3;25;20.4;25.3;6.2;25;15.9;44.3;3.5;45;37.6;11.1;3.7;11;4.7;17.3;4.4;16.5;9.8;56;20;55;100;0.06;0.29;153;62;143;282;0.72;1.6;0.3;0.89;74;19;67;118;48;7;48;58;178;64;171;345;105;54;83;245;38;22;7;3;;
921;92;1;24.3;3;25;20.4;25.3;6.2;25;15.9;44.3;3.5;45;37.6;11.1;3.7;11;4.7;17.3;4.4;16.5;9.8;56;20;55;100;0.06;0.29;153;62;143;282;0.72;1.6;0.3;0.89;74;19;67;118;48;7;48;58;178;64;171;345;105;54;83;245;38;22;7;3;;
931;93;1;24.3;3;25;20.4;25.3;6.2;25;15.9;44.3;3.5;45;37.6;11.1;3.7;11;4.7;17.3;4.4;16.5;9.8;56;20;55;100;0.06;0.29;153;62;143;282;0.72;1.6;0.3;0.89;74;19;67;118;48;7;48;58;178;64;171;345;105;54;83;245;38;22;7;3;;
941;94;1;24.3;3;25;20.4;25.3;6.2;25;15.9;44.3;3.5;45;37.6;11.1;3.7;11;4.7;17.3;4.4;16.5;9.8;56;20;55;100;0.06;0.29;153;62;143;282;0.72;1.6;0.3;0.89;74;19;67;118;48;7;48;58;178;64;171;345;105;54;83;245;38;22;7;3;;
951;95;1;24.3;3;25;20.4;25.3;6.2;25;15.9;44.3;3.5;45;37.6;11.1;3.7;11;4.7;17.3;4.4;16.5;9.8;56;20;55;100;0.06;0.29;153;62;143;282;0.72;1.6;0.3;0.89;74;19;67;118;48;7;48;58;178;64;171;345;105;54;83;245;38;22;7;3;;
961;96;1;24.3;3;25;20.4;25.3;6.2;25;15.9;44.3;3.5;45;37.6;11.1;3.7;11;4.7;17.3;4.4;16.5;9.8;56;20;55;100;0.06;0.29;153;62;143;282;0.72;1.6;0.3;0.89;74;19;67;118;48;7;48;58;178;64;171;345;105;54;83;245;38;22;7;3;;
971;97;1;24.3;3;25;20.4;25.3;6.2;25;15.9;44.3;3.5;45;37.6;11.1;3.7;11;4.7;17.3;4.4;16.5;9.8;56;20;55;100;0.06;0.29;153;62;143;282;0.72;1.6;0.3;0.89;74;19;67;118;48;7;48;58;178;64;171;345;105;54;83;245;38;22;7;3;;
981;98;1;24.3;3;25;20.4;25.3;6.2;25;15.9;44.3;3.5;45;37.6;11.1;3.7;11;4.7;17.3;4.4;16.5;9.8;56;20;55;100;0.06;0.29;153;62;143;282;0.72;1.6;0.3;0.89;74;19;67;118;48;7;48;58;178;64;171;345;105;54;83;245;38;22;7;3;;
991;99;1;24.3;3;25;20.4;25.3;6.2;25;15.9;44.3;3.5;45;37.6;11.1;3.7;11;4.7;17.3;4.4;16.5;9.8;56;20;55;100;0.06;0.29;153;62;143;282;0.72;1.6;0.3;0.89;74;19;67;118;48;7;48;58;178;64;171;345;105;54;83;245;38;22;7;3;;
1001;100;1;24.3;3;25;20.4;25.3;6.2;25;15.9;44.3;3.5;45;37.6;11.1;3.7;11;4.7;17.3;4.4;16.5;9.8;56;20;55;100;0.06;0.29;153;62;143;282;0.72;1.6;0.3;0.89;74;19;67;118;48;7;48;58;178;64;171;345;105;54;83;245;38;22;7;3;;
402;40;2;26.9;2.2;27;22.6;32.8;5.7;33;22.6;45.9;3.1;47;39.8;14;4.2;14;7.7;20.6;4.4;21;13.4;42;14;42;65;0.02;0.13;89;35;81;159;0.2;0.53;0.1;0.34;65;13;62;94;46;10;45;72;118;27;113;167;53;18;46;84;67;43;11;5;;
412;41;2;26.9;2.2;27;22.6;32.8;5.7;33;22.6;45.9;3.1;47;39.8;14;4.2;14;7.7;20.6;4.4;21;13.4;42;14;42;65;0.02;0.13;89;35;81;159;0.2;0.53;0.1;0.34;65;13;62;94;46;10;45;72;118;27;113;167;53;18;46;84;67;43;11;5;;
422;42;2;26.9;2.2;27;22.6;32.8;5.7;33;22.6;45.9;3.1;47;39.8;14;4.2;14;7.7;20.6;4.4;21;13.4;42;14;42;65;0.02;0.13;89;35;81;159;0.2;0.53;0.1;0.34;65;13;62;94;46;10;45;72;118;27;113;167;53;18;46;84;67;43;11;5;;
432;43;2;26.9;2.2;27;22.6;32.8;5.7;33;22.6;45.9;3.1;47;39.8;14;4.2;14;7.7;20.6;4.4;21;13.4;42;14;42;65;0.02;0.13;89;35;81;159;0.2;0.53;0.1;0.34;65;13;62;94;46;10;45;72;118;27;113;167;53;18;46;84;67;43;11;5;;
442;44;2;26.9;2.2;27;22.6;32.8;5.7;33;22.6;45.9;3.1;47;39.8;14;4.2;14;7.7;20.6;4.4;21;13.4;42;14;42;65;0.02;0.13;89;35;81;159;0.2;0.53;0.1;0.34;65;13;62;94;46;10;45;72;118;27;113;167;53;18;46;84;67;43;11;5;;
452;45;2;26.9;2.2;27;22.6;32.8;5.7;33;22.6;45.9;3.1;47;39.8;14;4.2;14;7.7;20.6;4.4;21;13.4;42;14;42;65;0.02;0.13;89;35;81;159;0.2;0.53;0.1;0.34;65;13;62;94;46;10;45;72;118;27;113;167;53;18;46;84;67;43;11;5;;
462;46;2;26.9;2.2;27;22.6;32.8;5.7;33;22.6;45.9;3.1;47;39.8;14;4.2;14;7.7;20.6;4.4;21;13.4;42;14;42;65;0.02;0.13;89;35;81;159;0.2;0.53;0.1;0.34;65;13;62;94;46;10;45;72;118;27;113;167;53;18;46;84;67;43;11;5;;
472;47;2;26.9;2.2;27;22.6;32.8;5.7;33;22.6;45.9;3.1;47;39.8;14;4.2;14;7.7;20.6;4.4;21;13.4;42;14;42;65;0.02;0.13;89;35;81;159;0.2;0.53;0.1;0.34;65;13;62;94;46;10;45;72;118;27;113;167;53;18;46;84;67;43;11;5;;
482;48;2;26.9;2.2;27;22.6;32.8;5.7;33;22.6;45.9;3.1;47;39.8;14;4.2;14;7.7;20.6;4.4;21;13.4;42;14;42;65;0.02;0.13;89;35;81;159;0.2;0.53;0.1;0.34;65;13;62;94;46;10;45;72;118;27;113;167;53;18;46;84;67;43;11;5;;
492;49;2;26.9;2.2;27;22.6;32.8;5.7;33;22.6;45.9;3.1;47;39.8;14;4.2;14;7.7;20.6;4.4;21;13.4;42;14;42;65;0.02;0.13;89;35;81;159;0.2;0.53;0.1;0.34;65;13;62;94;46;10;45;72;118;27;113;167;53;18;46;84;67;43;11;5;;
502;50;2;26.9;2.2;27;22.6;32.8;5.7;33;22.6;45.9;3.1;47;39.8;14;4.2;14;7.7;20.6;4.4;21;13.4;42;14;42;65;0.02;0.13;89;35;81;159;0.2;0.53;0.1;0.34;65;13;62;94;46;10;45;72;118;27;113;167;53;18;46;84;67;43;11;5;;
512;51;2;26.9;2.2;27;22.6;32.8;5.7;33;22.6;45.9;3.1;47;39.8;14;4.2;14;7.7;20.6;4.4;21;13.4;42;14;42;65;0.02;0.13;89;35;81;159;0.2;0.53;0.1;0.34;65;13;62;94;46;10;45;72;118;27;113;167;53;18;46;84;67;43;11;5;;
522;52;2;26.9;2.2;27;22.6;32.8;5.7;33;22.6;45.9;3.1;47;39.8;14;4.2;14;7.7;20.6;4.4;21;13.4;42;14;42;65;0.02;0.13;89;35;81;159;0.2;0.53;0.1;0.34;65;13;62;94;46;10;45;72;118;27;113;167;53;18;46;84;67;43;11;5;;
532;53;2;26.9;2.2;27;22.6;32.8;5.7;33;22.6;45.9;3.1;47;39.8;14;4.2;14;7.7;20.6;4.4;21;13.4;42;14;42;65;0.02;0.13;89;35;81;159;0.2;0.53;0.1;0.34;65;13;62;94;46;10;45;72;118;27;113;167;53;18;46;84;67;43;11;5;;
542;54;2;26.9;2.2;27;22.6;32.8;5.7;33;22.6;45.9;3.1;47;39.8;14;4.2;14;7.7;20.6;4.4;21;13.4;42;14;42;65;0.02;0.13;89;35;81;159;0.2;0.53;0.1;0.34;65;13;62;94;46;10;45;72;118;27;113;167;53;18;46;84;67;43;11;5;;
552;55;2;26.9;2.2;27;22.6;32.8;5.7;33;22.6;45.9;3.1;47;39.8;14;4.2;14;7.7;20.6;4.4;21;13.4;42;14;42;65;0.02;0.13;89;35;81;159;0.2;0.53;0.1;0.34;65;13;62;94;46;10;45;72;118;27;113;167;53;18;46;84;56;36;10;5;;
562;56;2;26.9;2.2;27;22.6;32.8;5.7;33;22.6;45.9;3.1;47;39.8;14;4.2;14;7.7;20.6;4.4;21;13.4;42;14;42;65;0.02;0.13;89;35;81;159;0.2;0.53;0.1;0.34;65;13;62;94;46;10;45;72;118;27;113;167;53;18;46;84;56;36;10;5;;
572;57;2;26.9;2.2;27;22.6;32.8;5.7;33;22.6;45.9;3.1;47;39.8;14;4.2;14;7.7;20.6;4.4;21;13.4;42;14;42;65;0.02;0.13;89;35;81;159;0.2;0.53;0.1;0.34;65;13;62;94;46;10;45;72;118;27;113;167;53;18;46;84;56;36;10;5;;
582;58;2;26.9;2.2;27;22.6;32.8;5.7;33;22.6;45.9;3.1;47;39.8;14;4.2;14;7.7;20.6;4.4;21;13.4;42;14;42;65;0.02;0.13;89;35;81;159;0.2;0.53;0.1;0.34;65;13;62;94;46;10;45;72;118;27;113;167;53;18;46;84;56;36;10;5;;
592;59;2;26.9;2.2;27;22.6;32.8;5.7;33;22.6;45.9;3.1;47;39.8;14;4.2;14;7.7;20.6;4.4;21;13.4;42;14;42;65;0.02;0.13;89;35;81;159;0.2;0.53;0.1;0.34;65;13;62;94;46;10;45;72;118;27;113;167;53;18;46;84;56;36;10;5;;
602;60;2;26.9;2.2;27;22.6;32.8;5.7;33;22.6;45.9;3.1;47;39.8;14;4.2;14;7.7;20.6;4.4;21;13.4;64;55;50;129;0.13;0.42;142;87;117;319;0.45;0.91;0.21;0.57;70;14;70;97;47;7;48;63;138;35;131;197;68;29;68;151;56;36;10;5;;
612;61;2;26.7;2.4;27;22;30.2;6.2;30;19.4;45.2;3.5;46;39.2;14.2;4.6;14;7.2;20.4;4.6;20;12.3;64;55;50;129;0.13;0.42;142;87;117;319;0.45;0.91;0.21;0.57;70;14;70;97;47;7;48;63;138;35;131;197;68;29;68;151;56;36;10;5;;
622;62;2;26.7;2.4;27;22;30.2;6.2;30;19.4;45.2;3.5;46;39.2;14.2;4.6;14;7.2;20.4;4.6;20;12.3;64;55;50;129;0.13;0.42;142;87;117;319;0.45;0.91;0.21;0.57;70;14;70;97;47;7;48;63;138;35;131;197;68;29;68;151;56;36;10;5;;
632;63;2;26.7;2.4;27;22;30.2;6.2;30;19.4;45.2;3.5;46;39.2;14.2;4.6;14;7.2;20.4;4.6;20;12.3;64;55;50;129;0.13;0.42;142;87;117;319;0.45;0.91;0.21;0.57;70;14;70;97;47;7;48;63;138;35;131;197;68;29;68;151;56;36;10;5;;
642;64;2;26.7;2.4;27;22;30.2;6.2;30;19.4;45.2;3.5;46;39.2;14.2;4.6;14;7.2;20.4;4.6;20;12.3;64;55;50;129;0.13;0.42;142;87;117;319;0.45;0.91;0.21;0.57;70;14;70;97;47;7;48;63;138;35;131;197;68;29;68;151;56;36;10;5;;
652;65;2;26.7;2.4;27;22;30.2;6.2;30;19.4;45.2;3.5;46;39.2;14.2;4.6;14;7.2;20.4;4.6;20;12.3;64;55;50;129;0.13;0.42;142;87;117;319;0.45;0.91;0.21;0.57;70;14;70;97;47;7;48;63;138;35;131;197;68;29;68;151;50;32;10;5;;
662;66;2;26.7;2.4;27;22;30.2;6.2;30;19.4;45.2;3.5;46;39.2;14.2;4.6;14;7.2;20.4;4.6;20;12.3;64;55;50;129;0.13;0.42;142;87;117;319;0.45;0.91;0.21;0.57;70;14;70;97;47;7;48;63;138;35;131;197;68;29;68;151;50;32;10;5;;
672;67;2;26.7;2.4;27;22;30.2;6.2;30;19.4;45.2;3.5;46;39.2;14.2;4.6;14;7.2;20.4;4.6;20;12.3;64;55;50;129;0.13;0.42;142;87;117;319;0.45;0.91;0.21;0.57;70;14;70;97;47;7;48;63;138;35;131;197;68;29;68;151;50;32;10;5;;
682;68;2;26.7;2.4;27;22;30.2;6.2;30;19.4;45.2;3.5;46;39.2;14.2;4.6;14;7.2;20.4;4.6;20;12.3;64;55;50;129;0.13;0.42;142;87;117;319;0.45;0.91;0.21;0.57;70;14;70;97;47;7;48;63;138;35;131;197;68;29;68;151;50;32;10;5;;
692;69;2;26.7;2.4;27;22;30.2;6.2;30;19.4;45.2;3.5;46;39.2;14.2;4.6;14;7.2;20.4;4.6;20;12.3;64;55;50;129;0.13;0.42;142;87;117;319;0.45;0.91;0.21;0.57;70;14;70;97;47;7;48;63;138;35;131;197;68;29;68;151;50;32;10;5;;
702;70;2;26.7;2.4;27;22;30.2;6.2;30;19.4;45.2;3.5;46;39.2;14.2;4.6;14;7.2;20.4;4.6;20;12.3;64;55;50;129;0.13;0.42;142;87;117;319;0.45;0.91;0.21;0.57;70;14;70;97;47;7;48;63;138;35;131;197;68;29;68;151;44;25;8;3;;
712;71;2;25.4;2.6;25;21.6;27.1;6.2;27;17.4;45.1;2.9;46;38.8;13;4.3;13;6.8;18.2;4.5;18;11.5;64;55;50;129;0.13;0.42;142;87;117;319;0.45;0.91;0.21;0.57;70;14;70;97;47;7;48;63;138;35;131;197;68;29;68;151;44;25;8;3;;
722;72;2;25.4;2.6;25;21.6;27.1;6.2;27;17.4;45.1;2.9;46;38.8;13;4.3;13;6.8;18.2;4.5;18;11.5;64;55;50;129;0.13;0.42;142;87;117;319;0.45;0.91;0.21;0.57;70;14;70;97;47;7;48;63;138;35;131;197;68;29;68;151;44;25;8;3;;
732;73;2;25.4;2.6;25;21.6;27.1;6.2;27;17.4;45.1;2.9;46;38.8;13;4.3;13;6.8;18.2;4.5;18;11.5;64;55;50;129;0.13;0.42;142;87;117;319;0.45;0.91;0.21;0.57;70;14;70;97;47;7;48;63;138;35;131;197;68;29;68;151;44;25;8;3;;
742;74;2;25.4;2.6;25;21.6;27.1;6.2;27;17.4;45.1;2.9;46;38.8;13;4.3;13;6.8;18.2;4.5;18;11.5;64;55;50;129;0.13;0.42;142;87;117;319;0.45;0.91;0.21;0.57;70;14;70;97;47;7;48;63;138;35;131;197;68;29;68;151;44;25;8;3;;
752;75;2;25.4;2.6;25;21.6;27.1;6.2;27;17.4;45.1;2.9;46;38.8;13;4.3;13;6.8;18.2;4.5;18;11.5;64;55;50;129;0.13;0.42;142;87;117;319;0.45;0.91;0.21;0.57;70;14;70;97;47;7;48;63;138;35;131;197;68;29;68;151;38;22;7;3;;
762;76;2;25.4;2.6;25;21.6;27.1;6.2;27;17.4;45.1;2.9;46;38.8;13;4.3;13;6.8;18.2;4.5;18;11.5;64;55;50;129;0.13;0.42;142;87;117;319;0.45;0.91;0.21;0.57;70;14;70;97;47;7;48;63;138;35;131;197;68;29;68;151;38;22;7;3;;
772;77;2;25.4;2.6;25;21.6;27.1;6.2;27;17.4;45.1;2.9;46;38.8;13;4.3;13;6.8;18.2;4.5;18;11.5;64;55;50;129;0.13;0.42;142;87;117;319;0.45;0.91;0.21;0.57;70;14;70;97;47;7;48;63;138;35;131;197;68;29;68;151;38;22;7;3;;
782;78;2;25.4;2.6;25;21.6;27.1;6.2;27;17.4;45.1;2.9;46;38.8;13;4.3;13;6.8;18.2;4.5;18;11.5;64;55;50;129;0.13;0.42;142;87;117;319;0.45;0.91;0.21;0.57;70;14;70;97;47;7;48;63;138;35;131;197;68;29;68;151;38;22;7;3;;
792;79;2;25.4;2.6;25;21.6;27.1;6.2;27;17.4;45.1;2.9;46;38.8;13;4.3;13;6.8;18.2;4.5;18;11.5;64;55;50;129;0.13;0.42;142;87;117;319;0.45;0.91;0.21;0.57;70;14;70;97;47;7;48;63;138;35;131;197;68;29;68;151;38;22;7;3;;
802;80;2;25.4;2.6;25;21.6;27.1;6.2;27;17.4;45.1;2.9;46;38.8;13;4.3;13;6.8;18.2;4.5;18;11.5;64;55;50;129;0.13;0.42;142;87;117;319;0.45;0.91;0.21;0.57;70;14;70;97;47;7;48;63;138;35;131;197;68;29;68;151;38;22;7;3;;
812;81;2;25.4;2.6;25;21.6;27.1;6.2;27;17.4;45.1;2.9;46;38.8;13;4.3;13;6.8;18.2;4.5;18;11.5;64;55;50;129;0.13;0.42;142;87;117;319;0.45;0.91;0.21;0.57;70;14;70;97;47;7;48;63;138;35;131;197;68;29;68;151;38;22;7;3;;
822;82;2;25.4;2.6;25;21.6;27.1;6.2;27;17.4;45.1;2.9;46;38.8;13;4.3;13;6.8;18.2;4.5;18;11.5;64;55;50;129;0.13;0.42;142;87;117;319;0.45;0.91;0.21;0.57;70;14;70;97;47;7;48;63;138;35;131;197;68;29;68;151;38;22;7;3;;
832;83;2;25.4;2.6;25;21.6;27.1;6.2;27;17.4;45.1;2.9;46;38.8;13;4.3;13;6.8;18.2;4.5;18;11.5;64;55;50;129;0.13;0.42;142;87;117;319;0.45;0.91;0.21;0.57;70;14;70;97;47;7;48;63;138;35;131;197;68;29;68;151;38;22;7;3;;
842;84;2;25.4;2.6;25;21.6;27.1;6.2;27;17.4;45.1;2.9;46;38.8;13;4.3;13;6.8;18.2;4.5;18;11.5;64;55;50;129;0.13;0.42;142;87;117;319;0.45;0.91;0.21;0.57;70;14;70;97;47;7;48;63;138;35;131;197;68;29;68;151;38;22;7;3;;
852;85;2;25.4;2.6;25;21.6;27.1;6.2;27;17.4;45.1;2.9;46;38.8;13;4.3;13;6.8;18.2;4.5;18;11.5;64;55;50;129;0.13;0.42;142;87;117;319;0.45;0.91;0.21;0.57;70;14;70;97;47;7;48;63;138;35;131;197;68;29;68;151;38;22;7;3;;
862;86;2;25.4;2.6;25;21.6;27.1;6.2;27;17.4;45.1;2.9;46;38.8;13;4.3;13;6.8;18.2;4.5;18;11.5;64;55;50;129;0.13;0.42;142;87;117;319;0.45;0.91;0.21;0.57;70;14;70;97;47;7;48;63;138;35;131;197;68;29;68;151;38;22;7;3;;
872;87;2;25.4;2.6;25;21.6;27.1;6.2;27;17.4;45.1;2.9;46;38.8;13;4.3;13;6.8;18.2;4.5;18;11.5;64;55;50;129;0.13;0.42;142;87;117;319;0.45;0.91;0.21;0.57;70;14;70;97;47;7;48;63;138;35;131;197;68;29;68;151;38;22;7;3;;
882;88;2;25.4;2.6;25;21.6;27.1;6.2;27;17.4;45.1;2.9;46;38.8;13;4.3;13;6.8;18.2;4.5;18;11.5;64;55;50;129;0.13;0.42;142;87;117;319;0.45;0.91;0.21;0.57;70;14;70;97;47;7;48;63;138;35;131;197;68;29;68;151;38;22;7;3;;
892;89;2;25.4;2.6;25;21.6;27.1;6.2;27;17.4;45.1;2.9;46;38.8;13;4.3;13;6.8;18.2;4.5;18;11.5;64;55;50;129;0.13;0.42;142;87;117;319;0.45;0.91;0.21;0.57;70;14;70;97;47;7;48;63;138;35;131;197;68;29;68;151;38;22;7;3;;
902;90;2;25.4;2.6;25;21.6;27.1;6.2;27;17.4;45.1;2.9;46;38.8;13;4.3;13;6.8;18.2;4.5;18;11.5;64;55;50;129;0.13;0.42;142;87;117;319;0.45;0.91;0.21;0.57;70;14;70;97;47;7;48;63;138;35;131;197;68;29;68;151;38;22;7;3;;
912;91;2;25.4;2.6;25;21.6;27.1;6.2;27;17.4;45.1;2.9;46;38.8;13;4.3;13;6.8;18.2;4.5;18;11.5;64;55;50;129;0.13;0.42;142;87;117;319;0.45;0.91;0.21;0.57;70;14;70;97;47;7;48;63;138;35;131;197;68;29;68;151;38;22;7;3;;
922;92;2;25.4;2.6;25;21.6;27.1;6.2;27;17.4;45.1;2.9;46;38.8;13;4.3;13;6.8;18.2;4.5;18;11.5;64;55;50;129;0.13;0.42;142;87;117;319;0.45;0.91;0.21;0.57;70;14;70;97;47;7;48;63;138;35;131;197;68;29;68;151;38;22;7;3;;
932;93;2;25.4;2.6;25;21.6;27.1;6.2;27;17.4;45.1;2.9;46;38.8;13;4.3;13;6.8;18.2;4.5;18;11.5;64;55;50;129;0.13;0.42;142;87;117;319;0.45;0.91;0.21;0.57;70;14;70;97;47;7;48;63;138;35;131;197;68;29;68;151;38;22;7;3;;
942;94;2;25.4;2.6;25;21.6;27.1;6.2;27;17.4;45.1;2.9;46;38.8;13;4.3;13;6.8;18.2;4.5;18;11.5;64;55;50;129;0.13;0.42;142;87;117;319;0.45;0.91;0.21;0.57;70;14;70;97;47;7;48;63;138;35;131;197;68;29;68;151;38;22;7;3;;
952;95;2;25.4;2.6;25;21.6;27.1;6.2;27;17.4;45.1;2.9;46;38.8;13;4.3;13;6.8;18.2;4.5;18;11.5;64;55;50;129;0.13;0.42;142;87;117;319;0.45;0.91;0.21;0.57;70;14;70;97;47;7;48;63;138;35;131;197;68;29;68;151;38;22;7;3;;
962;96;2;25.4;2.6;25;21.6;27.1;6.2;27;17.4;45.1;2.9;46;38.8;13;4.3;13;6.8;18.2;4.5;18;11.5;64;55;50;129;0.13;0.42;142;87;117;319;0.45;0.91;0.21;0.57;70;14;70;97;47;7;48;63;138;35;131;197;68;29;68;151;38;22;7;3;;
972;97;2;25.4;2.6;25;21.6;27.1;6.2;27;17.4;45.1;2.9;46;38.8;13;4.3;13;6.8;18.2;4.5;18;11.5;64;55;50;129;0.13;0.42;142;87;117;319;0.45;0.91;0.21;0.57;70;14;70;97;47;7;48;63;138;35;131;197;68;29;68;151;38;22;7;3;;
982;98;2;25.4;2.6;25;21.6;27.1;6.2;27;17.4;45.1;2.9;46;38.8;13;4.3;13;6.8;18.2;4.5;18;11.5;64;55;50;129;0.13;0.42;142;87;117;319;0.45;0.91;0.21;0.57;70;14;70;97;47;7;48;63;138;35;131;197;68;29;68;151;38;22;7;3;;
992;99;2;25.4;2.6;25;21.6;27.1;6.2;27;17.4;45.1;2.9;46;38.8;13;4.3;13;6.8;18.2;4.5;18;11.5;64;55;50;129;0.13;0.42;142;87;117;319;0.45;0.91;0.21;0.57;70;14;70;97;47;7;48;63;138;35;131;197;68;29;68;151;38;22;7;3;;
1002;100;2;25.4;2.6;25;21.6;27.1;6.2;27;17.4;45.1;2.9;46;38.8;13;4.3;13;6.8;18.2;4.5;18;11.5;64;55;50;129;0.13;0.42;142;87;117;319;0.45;0.91;0.21;0.57;70;14;70;97;47;7;48;63;138;35;131;197;68;29;68;151;38;22;7;3;;
403;40;3;27.9;1.7;28;23.8;34.4;4.7;35;24.2;46.5;2.2;47;41;16.7;4.3;17;9.8;22.8;5.5;22;15.1;36;14;31;66;0.1;0.55;73;24;69;125;0.25;0.05;0.09;0.33;56;10;55;74;41;6;40;51;103;25;97;150;46;22;42;83;67;43;11;5;;
413;41;3;27.9;1.7;28;23.8;34.4;4.7;35;24.2;46.5;2.2;47;41;16.7;4.3;17;9.8;22.8;5.5;22;15.1;36;14;31;66;0.1;0.55;73;24;69;125;0.25;0.05;0.09;0.33;56;10;55;74;41;6;40;51;103;25;97;150;46;22;42;83;67;43;11;5;;
423;42;3;27.9;1.7;28;23.8;34.4;4.7;35;24.2;46.5;2.2;47;41;16.7;4.3;17;9.8;22.8;5.5;22;15.1;36;14;31;66;0.1;0.55;73;24;69;125;0.25;0.05;0.09;0.33;56;10;55;74;41;6;40;51;103;25;97;150;46;22;42;83;67;43;11;5;;
433;43;3;27.9;1.7;28;23.8;34.4;4.7;35;24.2;46.5;2.2;47;41;16.7;4.3;17;9.8;22.8;5.5;22;15.1;36;14;31;66;0.1;0.55;73;24;69;125;0.25;0.05;0.09;0.33;56;10;55;74;41;6;40;51;103;25;97;150;46;22;42;83;67;43;11;5;;
443;44;3;27.9;1.7;28;23.8;34.4;4.7;35;24.2;46.5;2.2;47;41;16.7;4.3;17;9.8;22.8;5.5;22;15.1;36;14;31;66;0.1;0.55;73;24;69;125;0.25;0.05;0.09;0.33;56;10;55;74;41;6;40;51;103;25;97;150;46;22;42;83;67;43;11;5;;
453;45;3;27.9;1.7;28;23.8;34.4;4.7;35;24.2;46.5;2.2;47;41;16.7;4.3;17;9.8;22.8;5.5;22;15.1;36;14;31;66;0.1;0.55;73;24;69;125;0.25;0.05;0.09;0.33;56;10;55;74;41;6;40;51;103;25;97;150;46;22;42;83;67;43;11;5;;
463;46;3;27.9;1.7;28;23.8;34.4;4.7;35;24.2;46.5;2.2;47;41;16.7;4.3;17;9.8;22.8;5.5;22;15.1;36;14;31;66;0.1;0.55;73;24;69;125;0.25;0.05;0.09;0.33;56;10;55;74;41;6;40;51;103;25;97;150;46;22;42;83;67;43;11;5;;
473;47;3;27.9;1.7;28;23.8;34.4;4.7;35;24.2;46.5;2.2;47;41;16.7;4.3;17;9.8;22.8;5.5;22;15.1;36;14;31;66;0.1;0.55;73;24;69;125;0.25;0.05;0.09;0.33;56;10;55;74;41;6;40;51;103;25;97;150;46;22;42;83;67;43;11;5;;
483;48;3;27.9;1.7;28;23.8;34.4;4.7;35;24.2;46.5;2.2;47;41;16.7;4.3;17;9.8;22.8;5.5;22;15.1;36;14;31;66;0.1;0.55;73;24;69;125;0.25;0.05;0.09;0.33;56;10;55;74;41;6;40;51;103;25;97;150;46;22;42;83;67;43;11;5;;
493;49;3;27.9;1.7;28;23.8;34.4;4.7;35;24.2;46.5;2.2;47;41;16.7;4.3;17;9.8;22.8;5.5;22;15.1;36;14;31;66;0.1;0.55;73;24;69;125;0.25;0.05;0.09;0.33;56;10;55;74;41;6;40;51;103;25;97;150;46;22;42;83;67;43;11;5;;
503;50;3;27.9;1.7;28;23.8;34.4;4.7;35;24.2;46.5;2.2;47;41;16.7;4.3;17;9.8;22.8;5.5;22;15.1;36;14;31;66;0.1;0.55;73;24;69;125;0.25;0.05;0.09;0.33;56;10;55;74;41;6;40;51;103;25;97;150;46;22;42;83;67;43;11;5;;
513;51;3;27.9;1.7;28;23.8;34.4;4.7;35;24.2;46.5;2.2;47;41;16.7;4.3;17;9.8;22.8;5.5;22;15.1;36;14;31;66;0.1;0.55;73;24;69;125;0.25;0.05;0.09;0.33;56;10;55;74;41;6;40;51;103;25;97;150;46;22;42;83;67;43;11;5;;
523;52;3;27.9;1.7;28;23.8;34.4;4.7;35;24.2;46.5;2.2;47;41;16.7;4.3;17;9.8;22.8;5.5;22;15.1;36;14;31;66;0.1;0.55;73;24;69;125;0.25;0.05;0.09;0.33;56;10;55;74;41;6;40;51;103;25;97;150;46;22;42;83;67;43;11;5;;
533;53;3;27.9;1.7;28;23.8;34.4;4.7;35;24.2;46.5;2.2;47;41;16.7;4.3;17;9.8;22.8;5.5;22;15.1;36;14;31;66;0.1;0.55;73;24;69;125;0.25;0.05;0.09;0.33;56;10;55;74;41;6;40;51;103;25;97;150;46;22;42;83;67;43;11;5;;
543;54;3;27.9;1.7;28;23.8;34.4;4.7;35;24.2;46.5;2.2;47;41;16.7;4.3;17;9.8;22.8;5.5;22;15.1;36;14;31;66;0.1;0.55;73;24;69;125;0.25;0.05;0.09;0.33;56;10;55;74;41;6;40;51;103;25;97;150;46;22;42;83;67;43;11;5;;
553;55;3;27.9;1.7;28;23.8;34.4;4.7;35;24.2;46.5;2.2;47;41;16.7;4.3;17;9.8;22.8;5.5;22;15.1;36;14;31;66;0.1;0.55;73;24;69;125;0.25;0.05;0.09;0.33;56;10;55;74;41;6;40;51;103;25;97;150;46;22;42;83;56;36;10;5;;
563;56;3;27.9;1.7;28;23.8;34.4;4.7;35;24.2;46.5;2.2;47;41;16.7;4.3;17;9.8;22.8;5.5;22;15.1;36;14;31;66;0.1;0.55;73;24;69;125;0.25;0.05;0.09;0.33;56;10;55;74;41;6;40;51;103;25;97;150;46;22;42;83;56;36;10;5;;
573;57;3;27.9;1.7;28;23.8;34.4;4.7;35;24.2;46.5;2.2;47;41;16.7;4.3;17;9.8;22.8;5.5;22;15.1;36;14;31;66;0.1;0.55;73;24;69;125;0.25;0.05;0.09;0.33;56;10;55;74;41;6;40;51;103;25;97;150;46;22;42;83;56;36;10;5;;
583;58;3;27.9;1.7;28;23.8;34.4;4.7;35;24.2;46.5;2.2;47;41;16.7;4.3;17;9.8;22.8;5.5;22;15.1;36;14;31;66;0.1;0.55;73;24;69;125;0.25;0.05;0.09;0.33;56;10;55;74;41;6;40;51;103;25;97;150;46;22;42;83;56;36;10;5;;
593;59;3;27.9;1.7;28;23.8;34.4;4.7;35;24.2;46.5;2.2;47;41;16.7;4.3;17;9.8;22.8;5.5;22;15.1;36;14;31;66;0.1;0.55;73;24;69;125;0.25;0.05;0.09;0.33;56;10;55;74;41;6;40;51;103;25;97;150;46;22;42;83;56;36;10;5;;
603;60;3;27.9;1.7;28;23.8;34.4;4.7;35;24.2;46.5;2.2;47;41;16.7;4.3;17;9.8;22.8;5.5;22;15.1;49;18;44;84;0.05;0.37;118;51;105;226;0.26;0.79;0.19;0.57;65;12;62;87;44;6;43;55;123;32;113;191;58;25;51;131;56;36;10;5;;
613;61;3;27.4;1.7;27;23.2;30.2;5.2;30;20.9;45.6;2.5;46;40.4;15.4;4.2;15;9.3;21;4.7;21;13.9;49;18;44;84;0.05;0.37;118;51;105;226;0.26;0.79;0.19;0.57;65;12;62;87;44;6;43;55;123;32;113;191;58;25;51;131;56;36;10;5;;
623;62;3;27.4;1.7;27;23.2;30.2;5.2;30;20.9;45.6;2.5;46;40.4;15.4;4.2;15;9.3;21;4.7;21;13.9;49;18;44;84;0.05;0.37;118;51;105;226;0.26;0.79;0.19;0.57;65;12;62;87;44;6;43;55;123;32;113;191;58;25;51;131;56;36;10;5;;
633;63;3;27.4;1.7;27;23.2;30.2;5.2;30;20.9;45.6;2.5;46;40.4;15.4;4.2;15;9.3;21;4.7;21;13.9;49;18;44;84;0.05;0.37;118;51;105;226;0.26;0.79;0.19;0.57;65;12;62;87;44;6;43;55;123;32;113;191;58;25;51;131;56;36;10;5;;
643;64;3;27.4;1.7;27;23.2;30.2;5.2;30;20.9;45.6;2.5;46;40.4;15.4;4.2;15;9.3;21;4.7;21;13.9;49;18;44;84;0.05;0.37;118;51;105;226;0.26;0.79;0.19;0.57;65;12;62;87;44;6;43;55;123;32;113;191;58;25;51;131;56;36;10;5;;
653;65;3;27.4;1.7;27;23.2;30.2;5.2;30;20.9;45.6;2.5;46;40.4;15.4;4.2;15;9.3;21;4.7;21;13.9;49;18;44;84;0.05;0.37;118;51;105;226;0.26;0.79;0.19;0.57;65;12;62;87;44;6;43;55;123;32;113;191;58;25;51;131;50;32;10;5;;
663;66;3;27.4;1.7;27;23.2;30.2;5.2;30;20.9;45.6;2.5;46;40.4;15.4;4.2;15;9.3;21;4.7;21;13.9;49;18;44;84;0.05;0.37;118;51;105;226;0.26;0.79;0.19;0.57;65;12;62;87;44;6;43;55;123;32;113;191;58;25;51;131;50;32;10;5;;
673;67;3;27.4;1.7;27;23.2;30.2;5.2;30;20.9;45.6;2.5;46;40.4;15.4;4.2;15;9.3;21;4.7;21;13.9;49;18;44;84;0.05;0.37;118;51;105;226;0.26;0.79;0.19;0.57;65;12;62;87;44;6;43;55;123;32;113;191;58;25;51;131;50;32;10;5;;
683;68;3;27.4;1.7;27;23.2;30.2;5.2;30;20.9;45.6;2.5;46;40.4;15.4;4.2;15;9.3;21;4.7;21;13.9;49;18;44;84;0.05;0.37;118;51;105;226;0.26;0.79;0.19;0.57;65;12;62;87;44;6;43;55;123;32;113;191;58;25;51;131;50;32;10;5;;
693;69;3;27.4;1.7;27;23.2;30.2;5.2;30;20.9;45.6;2.5;46;40.4;15.4;4.2;15;9.3;21;4.7;21;13.9;49;18;44;84;0.05;0.37;118;51;105;226;0.26;0.79;0.19;0.57;65;12;62;87;44;6;43;55;123;32;113;191;58;25;51;131;50;32;10;5;;
703;70;3;27.4;1.7;27;23.2;30.2;5.2;30;20.9;45.6;2.5;46;40.4;15.4;4.2;15;9.3;21;4.7;21;13.9;49;18;44;84;0.05;0.37;118;51;105;226;0.26;0.79;0.19;0.57;65;12;62;87;44;6;43;55;123;32;113;191;58;25;51;131;44;25;8;3;;
713;71;3;27.6;2.1;28;22.8;30.4;6.4;31;18.8;46.1;2.6;47;40;15.6;4.2;15;8.9;20.5;5.3;21;13.2;49;18;44;84;0.05;0.37;118;51;105;226;0.26;0.79;0.19;0.57;65;12;62;87;44;6;43;55;123;32;113;191;58;25;51;131;44;25;8;3;;
723;72;3;27.6;2.1;28;22.8;30.4;6.4;31;18.8;46.1;2.6;47;40;15.6;4.2;15;8.9;20.5;5.3;21;13.2;49;18;44;84;0.05;0.37;118;51;105;226;0.26;0.79;0.19;0.57;65;12;62;87;44;6;43;55;123;32;113;191;58;25;51;131;44;25;8;3;;
733;73;3;27.6;2.1;28;22.8;30.4;6.4;31;18.8;46.1;2.6;47;40;15.6;4.2;15;8.9;20.5;5.3;21;13.2;49;18;44;84;0.05;0.37;118;51;105;226;0.26;0.79;0.19;0.57;65;12;62;87;44;6;43;55;123;32;113;191;58;25;51;131;44;25;8;3;;
743;74;3;27.6;2.1;28;22.8;30.4;6.4;31;18.8;46.1;2.6;47;40;15.6;4.2;15;8.9;20.5;5.3;21;13.2;49;18;44;84;0.05;0.37;118;51;105;226;0.26;0.79;0.19;0.57;65;12;62;87;44;6;43;55;123;32;113;191;58;25;51;131;44;25;8;3;;
753;75;3;27.6;2.1;28;22.8;30.4;6.4;31;18.8;46.1;2.6;47;40;15.6;4.2;15;8.9;20.5;5.3;21;13.2;49;18;44;84;0.05;0.37;118;51;105;226;0.26;0.79;0.19;0.57;65;12;62;87;44;6;43;55;123;32;113;191;58;25;51;131;38;22;7;3;;
763;76;3;27.6;2.1;28;22.8;30.4;6.4;31;18.8;46.1;2.6;47;40;15.6;4.2;15;8.9;20.5;5.3;21;13.2;49;18;44;84;0.05;0.37;118;51;105;226;0.26;0.79;0.19;0.57;65;12;62;87;44;6;43;55;123;32;113;191;58;25;51;131;38;22;7;3;;
773;77;3;27.6;2.1;28;22.8;30.4;6.4;31;18.8;46.1;2.6;47;40;15.6;4.2;15;8.9;20.5;5.3;21;13.2;49;18;44;84;0.05;0.37;118;51;105;226;0.26;0.79;0.19;0.57;65;12;62;87;44;6;43;55;123;32;113;191;58;25;51;131;38;22;7;3;;
783;78;3;27.6;2.1;28;22.8;30.4;6.4;31;18.8;46.1;2.6;47;40;15.6;4.2;15;8.9;20.5;5.3;21;13.2;49;18;44;84;0.05;0.37;118;51;105;226;0.26;0.79;0.19;0.57;65;12;62;87;44;6;43;55;123;32;113;191;58;25;51;131;38;22;7;3;;
793;79;3;27.6;2.1;28;22.8;30.4;6.4;31;18.8;46.1;2.6;47;40;15.6;4.2;15;8.9;20.5;5.3;21;13.2;49;18;44;84;0.05;0.37;118;51;105;226;0.26;0.79;0.19;0.57;65;12;62;87;44;6;43;55;123;32;113;191;58;25;51;131;38;22;7;3;;
803;80;3;27.6;2.1;28;22.8;30.4;6.4;31;18.8;46.1;2.6;47;40;15.6;4.2;15;8.9;20.5;5.3;21;13.2;49;18;44;84;0.05;0.37;118;51;105;226;0.26;0.79;0.19;0.57;65;12;62;87;44;6;43;55;123;32;113;191;58;25;51;131;38;22;7;3;;
813;81;3;27.6;2.1;28;22.8;30.4;6.4;31;18.8;46.1;2.6;47;40;15.6;4.2;15;8.9;20.5;5.3;21;13.2;49;18;44;84;0.05;0.37;118;51;105;226;0.26;0.79;0.19;0.57;65;12;62;87;44;6;43;55;123;32;113;191;58;25;51;131;38;22;7;3;;
823;82;3;27.6;2.1;28;22.8;30.4;6.4;31;18.8;46.1;2.6;47;40;15.6;4.2;15;8.9;20.5;5.3;21;13.2;49;18;44;84;0.05;0.37;118;51;105;226;0.26;0.79;0.19;0.57;65;12;62;87;44;6;43;55;123;32;113;191;58;25;51;131;38;22;7;3;;
833;83;3;27.6;2.1;28;22.8;30.4;6.4;31;18.8;46.1;2.6;47;40;15.6;4.2;15;8.9;20.5;5.3;21;13.2;49;18;44;84;0.05;0.37;118;51;105;226;0.26;0.79;0.19;0.57;65;12;62;87;44;6;43;55;123;32;113;191;58;25;51;131;38;22;7;3;;
843;84;3;27.6;2.1;28;22.8;30.4;6.4;31;18.8;46.1;2.6;47;40;15.6;4.2;15;8.9;20.5;5.3;21;13.2;49;18;44;84;0.05;0.37;118;51;105;226;0.26;0.79;0.19;0.57;65;12;62;87;44;6;43;55;123;32;113;191;58;25;51;131;38;22;7;3;;
853;85;3;27.6;2.1;28;22.8;30.4;6.4;31;18.8;46.1;2.6;47;40;15.6;4.2;15;8.9;20.5;5.3;21;13.2;49;18;44;84;0.05;0.37;118;51;105;226;0.26;0.79;0.19;0.57;65;12;62;87;44;6;43;55;123;32;113;191;58;25;51;131;38;22;7;3;;
863;86;3;27.6;2.1;28;22.8;30.4;6.4;31;18.8;46.1;2.6;47;40;15.6;4.2;15;8.9;20.5;5.3;21;13.2;49;18;44;84;0.05;0.37;118;51;105;226;0.26;0.79;0.19;0.57;65;12;62;87;44;6;43;55;123;32;113;191;58;25;51;131;38;22;7;3;;
873;87;3;27.6;2.1;28;22.8;30.4;6.4;31;18.8;46.1;2.6;47;40;15.6;4.2;15;8.9;20.5;5.3;21;13.2;49;18;44;84;0.05;0.37;118;51;105;226;0.26;0.79;0.19;0.57;65;12;62;87;44;6;43;55;123;32;113;191;58;25;51;131;38;22;7;3;;
883;88;3;27.6;2.1;28;22.8;30.4;6.4;31;18.8;46.1;2.6;47;40;15.6;4.2;15;8.9;20.5;5.3;21;13.2;49;18;44;84;0.05;0.37;118;51;105;226;0.26;0.79;0.19;0.57;65;12;62;87;44;6;43;55;123;32;113;191;58;25;51;131;38;22;7;3;;
893;89;3;27.6;2.1;28;22.8;30.4;6.4;31;18.8;46.1;2.6;47;40;15.6;4.2;15;8.9;20.5;5.3;21;13.2;49;18;44;84;0.05;0.37;118;51;105;226;0.26;0.79;0.19;0.57;65;12;62;87;44;6;43;55;123;32;113;191;58;25;51;131;38;22;7;3;;
903;90;3;27.6;2.1;28;22.8;30.4;6.4;31;18.8;46.1;2.6;47;40;15.6;4.2;15;8.9;20.5;5.3;21;13.2;49;18;44;84;0.05;0.37;118;51;105;226;0.26;0.79;0.19;0.57;65;12;62;87;44;6;43;55;123;32;113;191;58;25;51;131;38;22;7;3;;
913;91;3;27.6;2.1;28;22.8;30.4;6.4;31;18.8;46.1;2.6;47;40;15.6;4.2;15;8.9;20.5;5.3;21;13.2;49;18;44;84;0.05;0.37;118;51;105;226;0.26;0.79;0.19;0.57;65;12;62;87;44;6;43;55;123;32;113;191;58;25;51;131;38;22;7;3;;
923;92;3;27.6;2.1;28;22.8;30.4;6.4;31;18.8;46.1;2.6;47;40;15.6;4.2;15;8.9;20.5;5.3;21;13.2;49;18;44;84;0.05;0.37;118;51;105;226;0.26;0.79;0.19;0.57;65;12;62;87;44;6;43;55;123;32;113;191;58;25;51;131;38;22;7;3;;
933;93;3;27.6;2.1;28;22.8;30.4;6.4;31;18.8;46.1;2.6;47;40;15.6;4.2;15;8.9;20.5;5.3;21;13.2;49;18;44;84;0.05;0.37;118;51;105;226;0.26;0.79;0.19;0.57;65;12;62;87;44;6;43;55;123;32;113;191;58;25;51;131;38;22;7;3;;
943;94;3;27.6;2.1;28;22.8;30.4;6.4;31;18.8;46.1;2.6;47;40;15.6;4.2;15;8.9;20.5;5.3;21;13.2;49;18;44;84;0.05;0.37;118;51;105;226;0.26;0.79;0.19;0.57;65;12;62;87;44;6;43;55;123;32;113;191;58;25;51;131;38;22;7;3;;
953;95;3;27.6;2.1;28;22.8;30.4;6.4;31;18.8;46.1;2.6;47;40;15.6;4.2;15;8.9;20.5;5.3;21;13.2;49;18;44;84;0.05;0.37;118;51;105;226;0.26;0.79;0.19;0.57;65;12;62;87;44;6;43;55;123;32;113;191;58;25;51;131;38;22;7;3;;
963;96;3;27.6;2.1;28;22.8;30.4;6.4;31;18.8;46.1;2.6;47;40;15.6;4.2;15;8.9;20.5;5.3;21;13.2;49;18;44;84;0.05;0.37;118;51;105;226;0.26;0.79;0.19;0.57;65;12;62;87;44;6;43;55;123;32;113;191;58;25;51;131;38;22;7;3;;
973;97;3;27.6;2.1;28;22.8;30.4;6.4;31;18.8;46.1;2.6;47;40;15.6;4.2;15;8.9;20.5;5.3;21;13.2;49;18;44;84;0.05;0.37;118;51;105;226;0.26;0.79;0.19;0.57;65;12;62;87;44;6;43;55;123;32;113;191;58;25;51;131;38;22;7;3;;
983;98;3;27.6;2.1;28;22.8;30.4;6.4;31;18.8;46.1;2.6;47;40;15.6;4.2;15;8.9;20.5;5.3;21;13.2;49;18;44;84;0.05;0.37;118;51;105;226;0.26;0.79;0.19;0.57;65;12;62;87;44;6;43;55;123;32;113;191;58;25;51;131;38;22;7;3;;
993;99;3;27.6;2.1;28;22.8;30.4;6.4;31;18.8;46.1;2.6;47;40;15.6;4.2;15;8.9;20.5;5.3;21;13.2;49;18;44;84;0.05;0.37;118;51;105;226;0.26;0.79;0.19;0.57;65;12;62;87;44;6;43;55;123;32;113;191;58;25;51;131;38;22;7;3;;
1003;100;3;27.6;2.1;28;22.8;30.4;6.4;31;18.8;46.1;2.6;47;40;15.6;4.2;15;8.9;20.5;5.3;21;13.2;49;18;44;84;0.05;0.37;118;51;105;226;0.26;0.79;0.19;0.57;65;12;62;87;44;6;43;55;123;32;113;191;58;25;51;131;38;22;7;3;;
